"Masseinheit";"Leistung";"Geschlecht";"Altersklasse";"2010";"2011";"2012";"2013";"2014";"2015";"2016";"2017";"2018";"2019";"2020"
"Absolutwert";"Stationäre Kurativbehandlung";"Geschlecht - Total";"Altersklasse - Total";13373.44;13582.55;14176.31;14791.18;14947.37;15385.88;15758.00;15718.28;15547.74;15730.23;16223.16
"Absolutwert";"Stationäre Kurativbehandlung";"Geschlecht - Total";"0-5 Jahre";203.97;206.96;235.45;262.70;254.99;247.99;257.04;253.76;266.76;250.25;231.35
"Absolutwert";"Stationäre Kurativbehandlung";"Geschlecht - Total";"6-10 Jahre";85.08;84.72;95.94;101.55;97.76;95.46;102.94;99.53;95.52;96.79;93.34
"Absolutwert";"Stationäre Kurativbehandlung";"Geschlecht - Total";"11-15 Jahre";149.75;146.77;161.33;169.41;166.69;174.54;177.79;178.69;180.18;177.74;194.25
"Absolutwert";"Stationäre Kurativbehandlung";"Geschlecht - Total";"16-20 Jahre";289.82;286.91;303.37;289.76;302.04;320.24;338.66;341.26;318.54;344.11;362.01
"Absolutwert";"Stationäre Kurativbehandlung";"Geschlecht - Total";"21-25 Jahre";389.01;388.45;421.25;418.33;414.73;406.15;412.29;407.53;355.42;394.49;384.25
"Absolutwert";"Stationäre Kurativbehandlung";"Geschlecht - Total";"26-30 Jahre";561.66;563.82;593.20;595.42;594.94;617.17;636.60;640.44;589.77;620.15;623.22
"Absolutwert";"Stationäre Kurativbehandlung";"Geschlecht - Total";"31-35 Jahre";651.84;674.07;720.14;735.36;760.85;785.25;804.22;803.54;768.66;786.28;810.64
"Absolutwert";"Stationäre Kurativbehandlung";"Geschlecht - Total";"36-40 Jahre";633.04;621.26;642.27;649.34;656.41;667.67;706.14;695.22;670.20;698.44;714.32
"Absolutwert";"Stationäre Kurativbehandlung";"Geschlecht - Total";"41-45 Jahre";664.84;648.07;655.16;670.83;664.89;647.63;652.37;620.13;581.16;610.60;604.19
"Absolutwert";"Stationäre Kurativbehandlung";"Geschlecht - Total";"46-50 Jahre";756.27;770.28;817.44;836.89;836.22;839.09;830.23;804.48;735.09;746.93;730.16
"Absolutwert";"Stationäre Kurativbehandlung";"Geschlecht - Total";"51-55 Jahre";849.42;844.51;890.80;954.81;989.15;1011.95;1065.87;1042.47;989.65;999.50;1028.44
"Absolutwert";"Stationäre Kurativbehandlung";"Geschlecht - Total";"56-60 Jahre";952.50;957.06;1012.79;1069.99;1080.43;1112.83;1153.54;1162.71;1143.93;1168.40;1257.41
"Absolutwert";"Stationäre Kurativbehandlung";"Geschlecht - Total";"61-65 Jahre";1180.63;1180.89;1213.14;1263.91;1247.06;1250.51;1310.43;1298.27;1302.70;1309.29;1384.85
"Absolutwert";"Stationäre Kurativbehandlung";"Geschlecht - Total";"66-70 Jahre";1269.98;1346.41;1427.77;1494.13;1514.86;1541.07;1556.39;1510.15;1498.15;1469.10;1522.50
"Absolutwert";"Stationäre Kurativbehandlung";"Geschlecht - Total";"71-75 Jahre";1282.70;1301.06;1343.08;1457.43;1518.31;1619.21;1680.83;1700.86;1743.50;1752.16;1792.71
"Absolutwert";"Stationäre Kurativbehandlung";"Geschlecht - Total";"76-80 Jahre";1336.26;1356.87;1378.82;1432.42;1431.16;1491.86;1497.59;1532.17;1602.68;1603.43;1712.53
"Absolutwert";"Stationäre Kurativbehandlung";"Geschlecht - Total";"81-85 Jahre";1130.12;1161.67;1192.11;1253.17;1265.89;1326.49;1333.84;1331.61;1368.39;1343.06;1378.22
"Absolutwert";"Stationäre Kurativbehandlung";"Geschlecht - Total";"86-90 Jahre";704.55;738.62;750.90;782.46;790.48;833.15;845.09;871.43;902.85;912.01;932.42
"Absolutwert";"Stationäre Kurativbehandlung";"Geschlecht - Total";"91-95 Jahre";228.33;248.23;264.37;295.98;303.31;337.39;332.07;347.56;357.11;367.08;380.55
"Absolutwert";"Stationäre Kurativbehandlung";"Geschlecht - Total";"96 und mehr Jahre";53.66;55.90;56.99;57.31;57.20;60.23;64.05;76.46;77.47;80.43;85.81
"Absolutwert";"Stationäre Kurativbehandlung";"Mann";"Altersklasse - Total";6108.02;6225.49;6547.71;6949.34;7046.47;7315.16;7464.87;7479.23;7411.35;7539.99;7915.65
"Absolutwert";"Stationäre Kurativbehandlung";"Mann";"0-5 Jahre";115.86;117.68;134.50;150.98;141.18;138.89;146.50;145.16;150.44;138.35;130.89
"Absolutwert";"Stationäre Kurativbehandlung";"Mann";"6-10 Jahre";49.02;50.60;57.35;58.39;58.97;56.84;60.26;57.17;56.38;57.08;55.85
"Absolutwert";"Stationäre Kurativbehandlung";"Mann";"11-15 Jahre";71.71;70.32;79.65;83.91;81.31;84.08;79.99;85.29;85.19;81.16;87.08
"Absolutwert";"Stationäre Kurativbehandlung";"Mann";"16-20 Jahre";127.96;127.16;132.99;125.04;129.79;135.97;141.48;144.41;131.77;144.93;149.28
"Absolutwert";"Stationäre Kurativbehandlung";"Mann";"21-25 Jahre";136.07;142.15;161.33;162.27;163.16;161.71;164.88;166.77;133.65;160.79;156.52
"Absolutwert";"Stationäre Kurativbehandlung";"Mann";"26-30 Jahre";157.04;156.77;168.69;166.32;165.70;180.85;187.29;187.06;154.38;183.25;186.69
"Absolutwert";"Stationäre Kurativbehandlung";"Mann";"31-35 Jahre";158.88;163.69;184.03;195.24;199.59;201.78;206.37;204.95;180.82;204.77;215.17
"Absolutwert";"Stationäre Kurativbehandlung";"Mann";"36-40 Jahre";214.33;200.92;214.09;214.03;212.60;213.07;231.12;224.83;206.13;231.64;236.72
"Absolutwert";"Stationäre Kurativbehandlung";"Mann";"41-45 Jahre";297.34;284.07;282.67;291.70;292.63;288.14;280.86;267.75;248.21;267.40;263.56
"Absolutwert";"Stationäre Kurativbehandlung";"Mann";"46-50 Jahre";359.96;368.74;387.51;402.33;397.84;401.19;399.31;388.01;352.45;358.86;359.03
"Absolutwert";"Stationäre Kurativbehandlung";"Mann";"51-55 Jahre";433.25;432.47;451.58;485.21;509.75;521.27;552.41;546.27;519.72;517.51;542.23
"Absolutwert";"Stationäre Kurativbehandlung";"Mann";"56-60 Jahre";512.99;522.11;549.64;591.27;602.50;618.34;636.12;645.48;636.07;643.58;707.64
"Absolutwert";"Stationäre Kurativbehandlung";"Mann";"61-65 Jahre";658.26;649.85;676.11;711.40;711.94;711.30;744.69;740.96;748.68;750.03;812.44
"Absolutwert";"Stationäre Kurativbehandlung";"Mann";"66-70 Jahre";685.22;728.92;778.68;829.13;848.42;862.33;869.26;842.10;841.94;824.54;866.27
"Absolutwert";"Stationäre Kurativbehandlung";"Mann";"71-75 Jahre";661.00;672.22;697.49;774.66;810.31;877.04;904.46;925.95;959.04;958.34;1000.64
"Absolutwert";"Stationäre Kurativbehandlung";"Mann";"76-80 Jahre";640.32;655.67;676.44;711.19;710.87;763.96;750.32;770.54;826.16;826.06;903.22
"Absolutwert";"Stationäre Kurativbehandlung";"Mann";"81-85 Jahre";477.39;504.08;520.74;568.29;581.83;620.18;626.02;632.06;654.07;640.58;668.60
"Absolutwert";"Stationäre Kurativbehandlung";"Mann";"86-90 Jahre";261.83;279.95;290.47;309.18;307.62;344.69;345.52;360.12;378.31;393.89;409.64
"Absolutwert";"Stationäre Kurativbehandlung";"Mann";"91-95 Jahre";74.97;83.24;88.58;102.18;105.10;116.79;119.08;121.26;125.15;132.87;139.41
"Absolutwert";"Stationäre Kurativbehandlung";"Mann";"96 und mehr Jahre";14.62;14.89;15.17;16.61;15.35;16.73;18.96;23.12;22.79;24.35;24.77
"Absolutwert";"Stationäre Kurativbehandlung";"Frau";"Altersklasse - Total";7265.42;7357.06;7628.60;7841.84;7900.90;8070.72;8293.13;8239.06;8136.39;8190.24;8307.51
"Absolutwert";"Stationäre Kurativbehandlung";"Frau";"0-5 Jahre";88.11;89.28;100.95;111.72;113.82;109.10;110.55;108.60;116.32;111.89;100.46
"Absolutwert";"Stationäre Kurativbehandlung";"Frau";"6-10 Jahre";36.06;34.12;38.59;43.16;38.79;38.62;42.69;42.37;39.14;39.71;37.49
"Absolutwert";"Stationäre Kurativbehandlung";"Frau";"11-15 Jahre";78.04;76.45;81.69;85.50;85.38;90.46;97.80;93.40;94.99;96.58;107.17
"Absolutwert";"Stationäre Kurativbehandlung";"Frau";"16-20 Jahre";161.86;159.75;170.38;164.71;172.25;184.28;197.19;196.85;186.77;199.18;212.73
"Absolutwert";"Stationäre Kurativbehandlung";"Frau";"21-25 Jahre";252.94;246.30;259.92;256.05;251.56;244.44;247.40;240.77;221.77;233.69;227.73
"Absolutwert";"Stationäre Kurativbehandlung";"Frau";"26-30 Jahre";404.63;407.05;424.51;429.10;429.24;436.32;449.31;453.38;435.39;436.90;436.52
"Absolutwert";"Stationäre Kurativbehandlung";"Frau";"31-35 Jahre";492.96;510.39;536.11;540.11;561.26;583.47;597.86;598.59;587.85;581.51;595.48
"Absolutwert";"Stationäre Kurativbehandlung";"Frau";"36-40 Jahre";418.72;420.34;428.18;435.31;443.80;454.60;475.03;470.39;464.06;466.80;477.60
"Absolutwert";"Stationäre Kurativbehandlung";"Frau";"41-45 Jahre";367.50;364.01;372.49;379.13;372.26;359.49;371.50;352.38;332.95;343.20;340.63
"Absolutwert";"Stationäre Kurativbehandlung";"Frau";"46-50 Jahre";396.31;401.54;429.92;434.56;438.38;437.90;430.93;416.47;382.64;388.07;371.12
"Absolutwert";"Stationäre Kurativbehandlung";"Frau";"51-55 Jahre";416.16;412.04;439.21;469.60;479.41;490.68;513.46;496.20;469.94;481.98;486.21
"Absolutwert";"Stationäre Kurativbehandlung";"Frau";"56-60 Jahre";439.51;434.95;463.15;478.72;477.93;494.49;517.42;517.23;507.86;524.82;549.77
"Absolutwert";"Stationäre Kurativbehandlung";"Frau";"61-65 Jahre";522.38;531.05;537.03;552.51;535.11;539.21;565.73;557.32;554.02;559.26;572.41
"Absolutwert";"Stationäre Kurativbehandlung";"Frau";"66-70 Jahre";584.76;617.49;649.08;665.00;666.45;678.74;687.13;668.05;656.21;644.56;656.23
"Absolutwert";"Stationäre Kurativbehandlung";"Frau";"71-75 Jahre";621.70;628.84;645.60;682.77;708.00;742.17;776.37;774.91;784.46;793.82;792.06
"Absolutwert";"Stationäre Kurativbehandlung";"Frau";"76-80 Jahre";695.94;701.21;702.39;721.23;720.29;727.91;747.28;761.63;776.52;777.36;809.31
"Absolutwert";"Stationäre Kurativbehandlung";"Frau";"81-85 Jahre";652.73;657.60;671.37;684.87;684.06;706.30;707.82;699.55;714.33;702.47;709.62
"Absolutwert";"Stationäre Kurativbehandlung";"Frau";"86-90 Jahre";442.71;458.67;460.43;473.28;482.86;488.46;499.57;511.31;524.54;518.13;522.78
"Absolutwert";"Stationäre Kurativbehandlung";"Frau";"91-95 Jahre";153.36;164.99;175.79;193.79;198.21;220.60;212.99;226.30;231.95;234.21;241.14
"Absolutwert";"Stationäre Kurativbehandlung";"Frau";"96 und mehr Jahre";39.04;41.02;41.82;40.71;41.85;43.49;45.09;53.35;54.68;56.07;61.04
"Absolutwert";"Ambulante Kurativbehandlung";"Geschlecht - Total";"Altersklasse - Total";15808.31;16108.75;16924.49;17687.57;18680.79;19541.36;20436.38;21108.17;20753.48;21652.46;20177.76
"Absolutwert";"Ambulante Kurativbehandlung";"Geschlecht - Total";"0-5 Jahre";405.52;410.42;425.50;436.11;461.86;503.94;529.75;549.38;536.43;568.78;472.86
"Absolutwert";"Ambulante Kurativbehandlung";"Geschlecht - Total";"6-10 Jahre";254.48;259.94;272.60;285.40;308.98;332.53;357.67;363.66;357.45;378.02;326.74
"Absolutwert";"Ambulante Kurativbehandlung";"Geschlecht - Total";"11-15 Jahre";461.06;469.72;474.84;488.04;517.83;537.16;553.62;473.46;476.66;498.25;455.09
"Absolutwert";"Ambulante Kurativbehandlung";"Geschlecht - Total";"16-20 Jahre";797.81;803.13;811.98;826.76;866.82;906.87;936.44;1015.49;1026.27;1053.92;982.17
"Absolutwert";"Ambulante Kurativbehandlung";"Geschlecht - Total";"21-25 Jahre";684.23;689.92;722.21;747.81;785.28;804.13;837.60;824.64;816.46;840.65;788.61
"Absolutwert";"Ambulante Kurativbehandlung";"Geschlecht - Total";"26-30 Jahre";806.19;814.56;873.61;905.73;955.10;990.51;1029.12;1082.42;1077.04;1111.79;1043.64
"Absolutwert";"Ambulante Kurativbehandlung";"Geschlecht - Total";"31-35 Jahre";936.96;942.94;1002.31;1044.00;1102.09;1152.90;1201.53;1313.48;1305.26;1355.49;1282.60
"Absolutwert";"Ambulante Kurativbehandlung";"Geschlecht - Total";"36-40 Jahre";1137.16;1125.04;927.98;961.64;1005.13;1043.88;1098.00;1268.84;1258.78;1307.85;1233.24
"Absolutwert";"Ambulante Kurativbehandlung";"Geschlecht - Total";"41-45 Jahre";1216.50;1208.20;1035.41;1059.53;1090.76;1120.17;1144.29;1284.97;1262.72;1297.40;1211.16
"Absolutwert";"Ambulante Kurativbehandlung";"Geschlecht - Total";"46-50 Jahre";1195.83;1217.63;1118.20;1161.14;1211.17;1251.92;1284.50;1512.10;1470.19;1488.40;1370.19
"Absolutwert";"Ambulante Kurativbehandlung";"Geschlecht - Total";"51-55 Jahre";1265.00;1293.55;1174.95;1249.31;1338.97;1417.26;1500.48;1812.51;1774.79;1830.79;1697.42
"Absolutwert";"Ambulante Kurativbehandlung";"Geschlecht - Total";"56-60 Jahre";1193.45;1206.68;1387.50;1458.93;1547.26;1628.27;1721.87;1663.73;1650.42;1743.41;1653.99
"Absolutwert";"Ambulante Kurativbehandlung";"Geschlecht - Total";"61-65 Jahre";1267.14;1282.70;1422.16;1461.49;1524.74;1575.89;1643.21;1626.20;1601.35;1678.19;1593.25
"Absolutwert";"Ambulante Kurativbehandlung";"Geschlecht - Total";"66-70 Jahre";1158.03;1217.25;1531.47;1607.93;1686.29;1747.52;1823.48;1605.50;1548.27;1603.22;1484.36
"Absolutwert";"Ambulante Kurativbehandlung";"Geschlecht - Total";"71-75 Jahre";1047.23;1074.82;1243.39;1335.43;1441.95;1545.10;1643.45;1695.40;1652.32;1725.17;1599.29
"Absolutwert";"Ambulante Kurativbehandlung";"Geschlecht - Total";"76-80 Jahre";952.09;984.62;1240.20;1299.21;1373.79;1429.51;1506.12;1343.27;1329.31;1438.21;1376.27
"Absolutwert";"Ambulante Kurativbehandlung";"Geschlecht - Total";"81-85 Jahre";624.76;659.89;757.36;808.75;870.11;917.35;954.67;954.53;915.20;971.90;900.52
"Absolutwert";"Ambulante Kurativbehandlung";"Geschlecht - Total";"86-90 Jahre";300.39;326.72;365.00;396.28;423.15;451.62;477.78;504.67;486.66;530.36;491.03
"Absolutwert";"Ambulante Kurativbehandlung";"Geschlecht - Total";"91-95 Jahre";84.63;99.19;115.21;130.06;143.60;156.85;162.30;178.49;172.97;190.76;177.18
"Absolutwert";"Ambulante Kurativbehandlung";"Geschlecht - Total";"96 und mehr Jahre";19.83;21.83;22.61;24.03;25.87;27.98;30.49;35.44;34.92;39.90;38.16
"Absolutwert";"Ambulante Kurativbehandlung";"Mann";"Altersklasse - Total";6853.28;7003.07;7421.03;7770.04;8233.53;8617.19;9050.12;9216.41;9095.87;9496.69;8916.33
"Absolutwert";"Ambulante Kurativbehandlung";"Mann";"0-5 Jahre";222.32;224.02;232.15;238.88;253.51;274.69;290.49;299.65;292.74;310.91;258.52
"Absolutwert";"Ambulante Kurativbehandlung";"Mann";"6-10 Jahre";144.73;148.31;155.94;162.17;175.94;189.67;204.13;206.84;203.37;214.70;186.15
"Absolutwert";"Ambulante Kurativbehandlung";"Mann";"11-15 Jahre";241.59;246.27;242.90;249.36;264.63;274.05;281.76;255.16;255.47;268.61;242.91
"Absolutwert";"Ambulante Kurativbehandlung";"Mann";"16-20 Jahre";350.92;355.77;369.46;375.76;393.14;409.49;422.71;444.87;448.65;458.84;426.72
"Absolutwert";"Ambulante Kurativbehandlung";"Mann";"21-25 Jahre";278.26;281.98;295.46;306.38;321.13;328.89;346.69;319.70;319.76;329.16;307.87
"Absolutwert";"Ambulante Kurativbehandlung";"Mann";"26-30 Jahre";289.05;293.55;347.16;358.18;377.46;388.83;403.23;352.18;355.49;368.59;345.69
"Absolutwert";"Ambulante Kurativbehandlung";"Mann";"31-35 Jahre";346.91;347.67;391.59;405.82;425.34;441.14;457.47;464.13;466.65;484.57;459.08
"Absolutwert";"Ambulante Kurativbehandlung";"Mann";"36-40 Jahre";459.40;452.54;355.98;367.83;382.29;394.73;416.24;492.06;491.67;508.49;481.39
"Absolutwert";"Ambulante Kurativbehandlung";"Mann";"41-45 Jahre";501.54;496.57;419.41;429.75;445.25;455.44;465.64;490.44;483.15;492.83;464.03
"Absolutwert";"Ambulante Kurativbehandlung";"Mann";"46-50 Jahre";480.71;489.48;467.44;483.50;504.66;518.68;532.81;634.42;620.87;627.65;582.46
"Absolutwert";"Ambulante Kurativbehandlung";"Mann";"51-55 Jahre";554.58;565.74;514.07;546.93;583.43;617.92;657.47;804.80;790.51;811.94;754.68
"Absolutwert";"Ambulante Kurativbehandlung";"Mann";"56-60 Jahre";557.84;564.22;644.32;679.90;726.19;763.48;810.73;761.41;754.89;796.07;763.12
"Absolutwert";"Ambulante Kurativbehandlung";"Mann";"61-65 Jahre";599.91;607.37;679.80;700.70;736.30;757.77;795.76;777.07;763.80;801.20;771.75
"Absolutwert";"Ambulante Kurativbehandlung";"Mann";"66-70 Jahre";537.13;567.71;705.25;745.57;785.61;814.77;853.71;763.45;736.31;763.74;715.46
"Absolutwert";"Ambulante Kurativbehandlung";"Mann";"71-75 Jahre";478.91;498.05;569.56;614.38;668.90;722.18;773.85;828.40;811.90;846.13;797.69
"Absolutwert";"Ambulante Kurativbehandlung";"Mann";"76-80 Jahre";414.68;435.06;535.76;562.00;598.68;630.55;668.52;618.01;613.99;669.85;654.94
"Absolutwert";"Ambulante Kurativbehandlung";"Mann";"81-85 Jahre";256.18;273.06;315.12;342.23;372.84;397.42;414.67;426.58;415.14;442.59;419.44
"Absolutwert";"Ambulante Kurativbehandlung";"Mann";"86-90 Jahre";107.13;117.76;136.11;152.35;163.70;177.96;191.17;202.67;197.53;217.95;206.58
"Absolutwert";"Ambulante Kurativbehandlung";"Mann";"91-95 Jahre";26.45;32.35;37.84;42.10;47.76;52.36;55.08;65.35;64.87;72.17;67.48
"Absolutwert";"Ambulante Kurativbehandlung";"Mann";"96 und mehr Jahre";5.03;5.60;5.71;6.23;6.75;7.19;7.98;9.21;9.12;10.70;10.40
"Absolutwert";"Ambulante Kurativbehandlung";"Frau";"Altersklasse - Total";8955.02;9105.68;9503.46;9917.54;10447.26;10924.17;11386.25;11891.76;11657.61;12155.76;11261.43
"Absolutwert";"Ambulante Kurativbehandlung";"Frau";"0-5 Jahre";183.20;186.40;193.34;197.22;208.35;229.25;239.25;249.73;243.69;257.87;214.35
"Absolutwert";"Ambulante Kurativbehandlung";"Frau";"6-10 Jahre";109.75;111.63;116.66;123.23;133.04;142.85;153.54;156.82;154.08;163.32;140.59
"Absolutwert";"Ambulante Kurativbehandlung";"Frau";"11-15 Jahre";219.46;223.45;231.94;238.68;253.20;263.11;271.85;218.31;221.19;229.64;212.17
"Absolutwert";"Ambulante Kurativbehandlung";"Frau";"16-20 Jahre";446.90;447.36;442.52;451.00;473.69;497.38;513.72;570.62;577.63;595.08;555.45
"Absolutwert";"Ambulante Kurativbehandlung";"Frau";"21-25 Jahre";405.97;407.94;426.75;441.43;464.15;475.24;490.91;504.94;496.70;511.49;480.74
"Absolutwert";"Ambulante Kurativbehandlung";"Frau";"26-30 Jahre";517.15;521.00;526.45;547.55;577.64;601.69;625.89;730.24;721.55;743.21;697.96
"Absolutwert";"Ambulante Kurativbehandlung";"Frau";"31-35 Jahre";590.05;595.27;610.72;638.18;676.75;711.76;744.06;849.35;838.61;870.92;823.52
"Absolutwert";"Ambulante Kurativbehandlung";"Frau";"36-40 Jahre";677.76;672.50;572.00;593.81;622.84;649.15;681.77;776.78;767.11;799.37;751.86
"Absolutwert";"Ambulante Kurativbehandlung";"Frau";"41-45 Jahre";714.96;711.63;616.00;629.78;645.50;664.73;678.65;794.53;779.57;804.57;747.13
"Absolutwert";"Ambulante Kurativbehandlung";"Frau";"46-50 Jahre";715.12;728.15;650.76;677.64;706.51;733.24;751.69;877.67;849.33;860.75;787.73
"Absolutwert";"Ambulante Kurativbehandlung";"Frau";"51-55 Jahre";710.42;727.81;660.88;702.38;755.54;799.34;843.01;1007.71;984.28;1018.86;942.74
"Absolutwert";"Ambulante Kurativbehandlung";"Frau";"56-60 Jahre";635.61;642.46;743.18;779.04;821.07;864.79;911.14;902.32;895.53;947.34;890.86
"Absolutwert";"Ambulante Kurativbehandlung";"Frau";"61-65 Jahre";667.23;675.34;742.36;760.79;788.45;818.13;847.45;849.13;837.55;876.99;821.51
"Absolutwert";"Ambulante Kurativbehandlung";"Frau";"66-70 Jahre";620.90;649.54;826.23;862.36;900.68;932.75;969.76;842.05;811.96;839.48;768.90
"Absolutwert";"Ambulante Kurativbehandlung";"Frau";"71-75 Jahre";568.32;576.77;673.83;721.04;773.05;822.92;869.60;867.00;840.42;879.03;801.60
"Absolutwert";"Ambulante Kurativbehandlung";"Frau";"76-80 Jahre";537.40;549.56;704.44;737.21;775.11;798.96;837.60;725.26;715.32;768.35;721.33
"Absolutwert";"Ambulante Kurativbehandlung";"Frau";"81-85 Jahre";368.59;386.83;442.25;466.52;497.27;519.93;540.00;527.95;500.06;529.31;481.08
"Absolutwert";"Ambulante Kurativbehandlung";"Frau";"86-90 Jahre";193.26;208.96;228.89;243.93;259.45;273.67;286.61;302.00;289.13;312.42;284.45
"Absolutwert";"Ambulante Kurativbehandlung";"Frau";"91-95 Jahre";58.18;66.84;77.37;87.96;95.84;104.49;107.22;113.13;108.11;118.58;109.70
"Absolutwert";"Ambulante Kurativbehandlung";"Frau";"96 und mehr Jahre";14.80;16.23;16.90;17.80;19.12;20.79;22.51;26.22;25.79;29.20;27.77
"Absolutwert";"Langzeitpflege";"Geschlecht - Total";"Altersklasse - Total";12589.32;13256.77;13831.65;14255.11;14627.86;15129.31;15448.68;15942.85;16374.32;16769.36;17209.26
"Absolutwert";"Langzeitpflege";"Geschlecht - Total";"0-5 Jahre";24.94;25.69;29.29;27.03;24.93;25.62;25.83;31.14;30.38;32.61;97.27
"Absolutwert";"Langzeitpflege";"Geschlecht - Total";"6-10 Jahre";65.42;66.59;65.67;66.72;67.21;69.83;65.20;70.47;57.44;74.18;35.67
"Absolutwert";"Langzeitpflege";"Geschlecht - Total";"11-15 Jahre";166.35;158.69;152.32;152.93;156.49;163.28;155.96;151.15;72.88;156.32;321.94
"Absolutwert";"Langzeitpflege";"Geschlecht - Total";"16-20 Jahre";342.52;346.73;349.39;354.07;375.31;380.84;377.53;377.17;389.00;388.73;527.54
"Absolutwert";"Langzeitpflege";"Geschlecht - Total";"21-25 Jahre";264.27;277.67;290.08;300.88;316.70;332.43;332.08;353.24;376.80;365.33;318.00
"Absolutwert";"Langzeitpflege";"Geschlecht - Total";"26-30 Jahre";236.06;250.95;252.63;264.57;268.40;283.95;295.07;310.30;345.39;324.96;298.77
"Absolutwert";"Langzeitpflege";"Geschlecht - Total";"31-35 Jahre";244.03;249.12;257.57;258.53;252.09;264.23;272.60;281.39;311.46;294.82;313.83
"Absolutwert";"Langzeitpflege";"Geschlecht - Total";"36-40 Jahre";300.50;293.63;297.21;293.06;285.95;287.13;283.38;294.44;285.96;304.74;262.96
"Absolutwert";"Langzeitpflege";"Geschlecht - Total";"41-45 Jahre";333.81;343.73;352.24;356.13;351.10;360.98;352.43;350.30;327.36;361.35;345.17
"Absolutwert";"Langzeitpflege";"Geschlecht - Total";"46-50 Jahre";338.38;355.17;366.23;386.96;398.03;416.54;421.60;442.51;418.84;451.39;362.34
"Absolutwert";"Langzeitpflege";"Geschlecht - Total";"51-55 Jahre";332.23;357.37;371.09;394.31;410.07;435.70;442.99;470.03;521.41;487.64;435.29
"Absolutwert";"Langzeitpflege";"Geschlecht - Total";"56-60 Jahre";345.73;362.80;385.76;395.52;409.96;438.10;459.32;482.16;573.49;507.28;493.77
"Absolutwert";"Langzeitpflege";"Geschlecht - Total";"61-65 Jahre";376.08;397.33;422.67;440.38;456.39;472.26;482.88;506.32;526.09;533.58;549.54
"Absolutwert";"Langzeitpflege";"Geschlecht - Total";"66-70 Jahre";442.48;474.08;511.22;539.55;562.16;579.77;593.41;603.36;591.62;607.90;608.52
"Absolutwert";"Langzeitpflege";"Geschlecht - Total";"71-75 Jahre";652.12;662.50;703.84;732.99;769.71;820.14;871.81;923.04;965.03;979.23;990.76
"Absolutwert";"Langzeitpflege";"Geschlecht - Total";"76-80 Jahre";1209.53;1220.07;1270.86;1284.09;1307.25;1334.89;1359.46;1396.33;1448.30;1513.43;1595.14
"Absolutwert";"Langzeitpflege";"Geschlecht - Total";"81-85 Jahre";2076.19;2140.38;2216.82;2231.21;2264.42;2312.80;2352.80;2402.32;2446.65;2466.16;2497.29
"Absolutwert";"Langzeitpflege";"Geschlecht - Total";"86-90 Jahre";2604.30;2755.01;2876.59;2915.48;2963.12;3048.12;3113.18;3171.86;3244.89;3322.88;3394.40
"Absolutwert";"Langzeitpflege";"Geschlecht - Total";"91-95 Jahre";1577.38;1789.56;1929.56;2102.70;2203.34;2311.63;2354.12;2418.13;2481.98;2562.38;2665.08
"Absolutwert";"Langzeitpflege";"Geschlecht - Total";"96 und mehr Jahre";657.01;729.70;730.61;758.01;785.22;791.08;837.04;907.18;959.35;1034.46;1095.96
"Absolutwert";"Langzeitpflege";"Mann";"Altersklasse - Total";4338.80;4556.12;4777.24;4959.41;5125.86;5333.82;5458.41;5695.85;5873.22;6090.31;6312.01
"Absolutwert";"Langzeitpflege";"Mann";"0-5 Jahre";12.71;14.89;16.37;14.75;13.81;14.92;14.88;19.17;14.82;19.89;26.69
"Absolutwert";"Langzeitpflege";"Mann";"6-10 Jahre";41.67;42.40;41.12;41.66;44.52;43.71;41.55;43.71;33.44;46.19;11.99
"Absolutwert";"Langzeitpflege";"Mann";"11-15 Jahre";102.19;100.56;95.53;96.08;99.10;103.30;99.25;97.70;41.73;100.68;246.43
"Absolutwert";"Langzeitpflege";"Mann";"16-20 Jahre";201.15;201.94;201.08;208.39;227.52;226.56;224.51;231.02;254.88;237.98;346.94
"Absolutwert";"Langzeitpflege";"Mann";"21-25 Jahre";156.41;164.28;172.34;174.13;183.66;186.80;189.08;201.36;227.74;206.75;156.38
"Absolutwert";"Langzeitpflege";"Mann";"26-30 Jahre";139.95;148.38;151.28;156.60;160.04;168.60;171.23;181.77;201.10;191.17;183.12
"Absolutwert";"Langzeitpflege";"Mann";"31-35 Jahre";146.03;146.56;151.52;152.00;145.22;152.27;159.51;164.79;173.07;171.29;176.77
"Absolutwert";"Langzeitpflege";"Mann";"36-40 Jahre";178.47;173.40;176.22;175.58;168.52;165.78;162.50;168.52;164.54;175.83;163.08
"Absolutwert";"Langzeitpflege";"Mann";"41-45 Jahre";191.92;192.54;199.32;203.99;200.78;204.58;201.93;200.29;179.61;204.95;192.17
"Absolutwert";"Langzeitpflege";"Mann";"46-50 Jahre";190.49;203.01;208.65;219.62;222.10;230.34;226.29;238.12;225.64;244.31;203.25
"Absolutwert";"Langzeitpflege";"Mann";"51-55 Jahre";179.85;191.17;204.28;215.08;226.59;240.58;242.74;253.22;269.72;262.03;225.16
"Absolutwert";"Langzeitpflege";"Mann";"56-60 Jahre";184.89;192.12;202.00;209.82;215.60;230.35;244.84;258.88;312.26;273.85;263.24
"Absolutwert";"Langzeitpflege";"Mann";"61-65 Jahre";189.22;205.86;217.65;223.74;235.08;241.94;245.59;259.41;266.68;274.54;285.24
"Absolutwert";"Langzeitpflege";"Mann";"66-70 Jahre";204.61;220.75;239.03;254.65;267.96;272.47;279.10;288.82;274.49;294.09;298.67
"Absolutwert";"Langzeitpflege";"Mann";"71-75 Jahre";269.94;272.37;294.82;311.23;329.27;349.87;373.57;394.19;417.95;430.92;445.14
"Absolutwert";"Langzeitpflege";"Mann";"76-80 Jahre";409.47;426.79;444.65;452.72;472.48;486.27;491.81;515.17;540.20;582.25;614.66
"Absolutwert";"Langzeitpflege";"Mann";"81-85 Jahre";551.15;584.86;618.22;642.82;661.32;690.29;712.86;740.73;767.21;780.35;798.09
"Absolutwert";"Langzeitpflege";"Mann";"86-90 Jahre";582.45;614.84;651.00;673.62;695.57;739.12;769.84;792.96;833.68;873.67;910.38
"Absolutwert";"Langzeitpflege";"Mann";"91-95 Jahre";304.37;347.19;379.76;414.68;433.58;460.03;472.50;499.79;518.37;544.54;576.56
"Absolutwert";"Langzeitpflege";"Mann";"96 und mehr Jahre";101.88;112.21;112.39;118.24;123.14;126.05;134.82;146.24;156.08;175.05;188.06
"Absolutwert";"Langzeitpflege";"Frau";"Altersklasse - Total";8250.52;8700.65;9054.41;9295.71;9502.00;9795.49;9990.27;10247.00;10501.10;10679.05;10897.25
"Absolutwert";"Langzeitpflege";"Frau";"0-5 Jahre";12.24;10.80;12.91;12.28;11.12;10.69;10.94;11.97;15.56;12.72;70.58
"Absolutwert";"Langzeitpflege";"Frau";"6-10 Jahre";23.75;24.19;24.55;25.06;22.69;26.12;23.65;26.77;24.00;27.99;23.68
"Absolutwert";"Langzeitpflege";"Frau";"11-15 Jahre";64.15;58.13;56.79;56.86;57.39;59.97;56.71;53.44;31.15;55.64;75.51
"Absolutwert";"Langzeitpflege";"Frau";"16-20 Jahre";141.37;144.79;148.32;145.67;147.80;154.29;153.02;146.15;134.12;150.74;180.60
"Absolutwert";"Langzeitpflege";"Frau";"21-25 Jahre";107.86;113.40;117.74;126.75;133.04;145.63;142.99;151.88;149.06;158.58;161.62
"Absolutwert";"Langzeitpflege";"Frau";"26-30 Jahre";96.11;102.57;101.35;107.97;108.36;115.35;123.84;128.54;144.29;133.79;115.65
"Absolutwert";"Langzeitpflege";"Frau";"31-35 Jahre";98.00;102.57;106.05;106.52;106.87;111.96;113.09;116.60;138.39;123.53;137.06
"Absolutwert";"Langzeitpflege";"Frau";"36-40 Jahre";122.03;120.23;120.99;117.49;117.43;121.35;120.88;125.92;121.42;128.91;99.88
"Absolutwert";"Langzeitpflege";"Frau";"41-45 Jahre";141.89;151.18;152.92;152.14;150.32;156.40;150.50;150.01;147.74;156.40;153.00
"Absolutwert";"Langzeitpflege";"Frau";"46-50 Jahre";147.89;152.16;157.59;167.34;175.93;186.19;195.31;204.39;193.19;207.09;159.10
"Absolutwert";"Langzeitpflege";"Frau";"51-55 Jahre";152.38;166.19;166.82;179.23;183.48;195.12;200.25;216.81;251.69;225.62;210.13
"Absolutwert";"Langzeitpflege";"Frau";"56-60 Jahre";160.84;170.68;183.76;185.69;194.36;207.75;214.48;223.28;261.23;233.43;230.54
"Absolutwert";"Langzeitpflege";"Frau";"61-65 Jahre";186.86;191.47;205.03;216.64;221.31;230.33;237.30;246.91;259.41;259.04;264.30
"Absolutwert";"Langzeitpflege";"Frau";"66-70 Jahre";237.87;253.33;272.18;284.90;294.20;307.30;314.31;314.54;317.13;313.81;309.84
"Absolutwert";"Langzeitpflege";"Frau";"71-75 Jahre";382.18;390.13;409.02;421.77;440.44;470.27;498.23;528.84;547.09;548.32;545.62
"Absolutwert";"Langzeitpflege";"Frau";"76-80 Jahre";800.06;793.28;826.21;831.37;834.78;848.63;867.65;881.16;908.09;931.18;980.48
"Absolutwert";"Langzeitpflege";"Frau";"81-85 Jahre";1525.04;1555.51;1598.60;1588.39;1603.10;1622.51;1639.94;1661.60;1679.45;1685.81;1699.20
"Absolutwert";"Langzeitpflege";"Frau";"86-90 Jahre";2021.85;2140.17;2225.59;2241.86;2267.55;2309.00;2343.34;2378.90;2411.21;2449.21;2484.02
"Absolutwert";"Langzeitpflege";"Frau";"91-95 Jahre";1273.00;1442.38;1549.80;1688.01;1769.76;1851.61;1881.61;1918.34;1963.61;2017.83;2088.52
"Absolutwert";"Langzeitpflege";"Frau";"96 und mehr Jahre";555.14;617.49;618.22;639.76;662.08;665.03;702.23;760.94;803.26;859.41;907.90
"Wert pro Kopf und Monat";"Stationäre Kurativbehandlung";"Geschlecht - Total";"Altersklasse - Total";141.47;143.05;147.73;152.37;152.11;154.81;156.83;154.98;152.17;152.86;156.51
"Wert pro Kopf und Monat";"Stationäre Kurativbehandlung";"Geschlecht - Total";"0-5 Jahre";36.33;36.46;40.80;44.70;42.67;40.90;41.86;40.85;42.60;39.80;36.77
"Wert pro Kopf und Monat";"Stationäre Kurativbehandlung";"Geschlecht - Total";"6-10 Jahre";18.25;18.38;20.67;21.60;20.40;19.57;20.67;19.67;18.60;18.68;17.80
"Wert pro Kopf und Monat";"Stationäre Kurativbehandlung";"Geschlecht - Total";"11-15 Jahre";29.57;29.26;32.66;34.64;34.37;36.06;36.83;36.65;36.60;35.51;38.24
"Wert pro Kopf und Monat";"Stationäre Kurativbehandlung";"Geschlecht - Total";"16-20 Jahre";52.29;52.54;56.01;53.95;56.54;60.09;63.08;64.43;61.05;66.89;70.70
"Wert pro Kopf und Monat";"Stationäre Kurativbehandlung";"Geschlecht - Total";"21-25 Jahre";66.22;65.54;70.09;68.58;67.98;66.50;67.71;67.59;59.79;66.97;65.62
"Wert pro Kopf und Monat";"Stationäre Kurativbehandlung";"Geschlecht - Total";"26-30 Jahre";88.19;88.10;91.57;90.99;89.05;91.07;92.47;92.12;84.26;88.98;89.88
"Wert pro Kopf und Monat";"Stationäre Kurativbehandlung";"Geschlecht - Total";"31-35 Jahre";102.01;103.69;108.35;108.10;109.59;111.01;112.56;111.38;106.05;107.01;109.08
"Wert pro Kopf und Monat";"Stationäre Kurativbehandlung";"Geschlecht - Total";"36-40 Jahre";91.96;92.03;95.99;96.84;97.04;97.59;101.17;97.77;92.66;95.22;95.98
"Wert pro Kopf und Monat";"Stationäre Kurativbehandlung";"Geschlecht - Total";"41-45 Jahre";85.57;85.05;87.17;90.55;91.24;90.09;92.07;88.41;83.14;87.05;85.38
"Wert pro Kopf und Monat";"Stationäre Kurativbehandlung";"Geschlecht - Total";"46-50 Jahre";98.74;98.86;103.02;104.57;104.42;105.84;106.10;104.26;96.91;100.51;99.81
"Wert pro Kopf und Monat";"Stationäre Kurativbehandlung";"Geschlecht - Total";"51-55 Jahre";128.80;125.06;128.24;133.32;133.41;132.04;136.02;130.72;123.33;124.89;129.94
"Wert pro Kopf und Monat";"Stationäre Kurativbehandlung";"Geschlecht - Total";"56-60 Jahre";165.90;165.62;170.74;176.01;172.66;172.56;173.69;170.27;162.95;161.24;168.09
"Wert pro Kopf und Monat";"Stationäre Kurativbehandlung";"Geschlecht - Total";"61-65 Jahre";217.75;217.43;224.60;233.65;230.22;228.70;237.08;229.21;225.14;220.68;227.01
"Wert pro Kopf und Monat";"Stationäre Kurativbehandlung";"Geschlecht - Total";"66-70 Jahre";280.61;287.50;294.62;301.66;300.70;303.75;304.79;297.98;296.09;291.17;299.77
"Wert pro Kopf und Monat";"Stationäre Kurativbehandlung";"Geschlecht - Total";"71-75 Jahre";363.03;365.50;366.10;380.76;379.23;387.02;385.89;376.92;378.23;374.68;381.53
"Wert pro Kopf und Monat";"Stationäre Kurativbehandlung";"Geschlecht - Total";"76-80 Jahre";453.41;457.77;458.66;472.61;464.67;477.52;472.12;467.78;468.33;448.09;459.00
"Wert pro Kopf und Monat";"Stationäre Kurativbehandlung";"Geschlecht - Total";"81-85 Jahre";523.69;530.25;535.61;551.89;547.75;563.53;557.40;546.70;555.38;535.79;543.88
"Wert pro Kopf und Monat";"Stationäre Kurativbehandlung";"Geschlecht - Total";"86-90 Jahre";556.79;572.66;572.35;587.13;579.82;599.74;589.88;594.11;598.60;591.30;598.95
"Wert pro Kopf und Monat";"Stationäre Kurativbehandlung";"Geschlecht - Total";"91-95 Jahre";559.69;561.34;555.74;592.53;571.99;613.46;581.69;592.68;592.94;590.68;610.78
"Wert pro Kopf und Monat";"Stationäre Kurativbehandlung";"Geschlecht - Total";"96 und mehr Jahre";505.70;529.85;552.09;549.79;543.30;565.19;544.28;599.97;569.53;557.73;578.98
"Wert pro Kopf und Monat";"Stationäre Kurativbehandlung";"Mann";"Altersklasse - Total";131.15;132.98;138.22;144.88;145.00;148.71;149.88;148.74;146.28;147.72;153.88
"Wert pro Kopf und Monat";"Stationäre Kurativbehandlung";"Mann";"0-5 Jahre";40.15;40.34;45.33;49.93;45.97;44.58;46.37;45.43;46.80;42.88;40.51
"Wert pro Kopf und Monat";"Stationäre Kurativbehandlung";"Mann";"6-10 Jahre";20.48;21.40;24.08;24.23;23.97;22.66;23.56;22.00;21.36;21.46;20.72
"Wert pro Kopf und Monat";"Stationäre Kurativbehandlung";"Mann";"11-15 Jahre";27.64;27.32;31.41;33.40;32.64;33.86;32.29;34.08;33.73;31.55;33.32
"Wert pro Kopf und Monat";"Stationäre Kurativbehandlung";"Mann";"16-20 Jahre";45.11;45.49;47.97;45.44;47.41;49.74;50.91;52.60;48.82;54.57;56.53
"Wert pro Kopf und Monat";"Stationäre Kurativbehandlung";"Mann";"21-25 Jahre";45.73;47.30;52.86;52.43;52.68;52.05;52.92;54.00;43.75;53.06;51.92
"Wert pro Kopf und Monat";"Stationäre Kurativbehandlung";"Mann";"26-30 Jahre";48.77;48.51;51.54;50.29;49.13;52.89;53.76;53.12;43.55;51.84;53.01
"Wert pro Kopf und Monat";"Stationäre Kurativbehandlung";"Mann";"31-35 Jahre";49.60;50.12;54.92;56.91;56.90;56.38;57.11;56.25;49.40;55.20;57.32
"Wert pro Kopf und Monat";"Stationäre Kurativbehandlung";"Mann";"36-40 Jahre";62.12;59.32;63.71;63.51;62.44;61.86;65.67;62.63;56.48;62.56;62.94
"Wert pro Kopf und Monat";"Stationäre Kurativbehandlung";"Mann";"41-45 Jahre";76.06;74.23;74.95;78.28;79.75;79.51;78.68;75.86;70.65;75.77;74.09
"Wert pro Kopf und Monat";"Stationäre Kurativbehandlung";"Mann";"46-50 Jahre";92.89;93.39;96.28;99.21;98.14;100.21;101.31;100.05;92.43;96.15;97.62
"Wert pro Kopf und Monat";"Stationäre Kurativbehandlung";"Mann";"51-55 Jahre";129.77;126.54;128.68;134.05;136.03;134.39;139.19;135.28;128.10;128.13;136.05
"Wert pro Kopf und Monat";"Stationäre Kurativbehandlung";"Mann";"56-60 Jahre";179.18;180.90;184.88;193.52;191.06;190.12;190.01;187.91;180.03;176.57;187.86
"Wert pro Kopf und Monat";"Stationäre Kurativbehandlung";"Mann";"61-65 Jahre";246.72;243.35;254.51;267.57;267.43;264.44;273.45;264.58;261.10;254.34;267.64
"Wert pro Kopf und Monat";"Stationäre Kurativbehandlung";"Mann";"66-70 Jahre";316.89;323.59;333.16;346.88;348.99;352.50;353.42;345.32;346.18;340.05;354.99
"Wert pro Kopf und Monat";"Stationäre Kurativbehandlung";"Mann";"71-75 Jahre";411.42;414.37;414.63;438.34;435.79;449.05;441.32;434.91;440.75;434.08;451.56
"Wert pro Kopf und Monat";"Stationäre Kurativbehandlung";"Mann";"76-80 Jahre";513.83;517.99;523.65;541.64;528.49;557.16;536.83;530.07;539.65;512.71;534.91
"Wert pro Kopf und Monat";"Stationäre Kurativbehandlung";"Mann";"81-85 Jahre";592.11;609.39;610.27;644.79;641.76;662.62;648.45;637.03;645.09;615.16;632.75
"Wert pro Kopf und Monat";"Stationäre Kurativbehandlung";"Mann";"86-90 Jahre";644.54;672.37;678.33;701.44;673.52;731.16;702.48;702.02;703.27;706.08;720.13
"Wert pro Kopf und Monat";"Stationäre Kurativbehandlung";"Mann";"91-95 Jahre";687.51;691.75;682.48;746.87;718.74;765.68;745.12;733.17;727.65;734.75;760.32
"Wert pro Kopf und Monat";"Stationäre Kurativbehandlung";"Mann";"96 und mehr Jahre";649.66;661.59;697.19;760.06;695.52;742.56;734.62;823.19;763.86;753.20;775.68
"Wert pro Kopf und Monat";"Stationäre Kurativbehandlung";"Frau";"Altersklasse - Total";151.50;152.85;157.00;159.69;159.07;160.78;163.66;161.12;157.97;157.93;159.09
"Wert pro Kopf und Monat";"Stationäre Kurativbehandlung";"Frau";"0-5 Jahre";32.30;32.36;36.01;39.16;39.19;37.02;37.08;36.00;38.17;36.55;32.83
"Wert pro Kopf und Monat";"Stationäre Kurativbehandlung";"Frau";"6-10 Jahre";15.89;15.21;17.07;18.83;16.63;16.30;17.61;17.20;15.68;15.76;14.70
"Wert pro Kopf und Monat";"Stationäre Kurativbehandlung";"Frau";"11-15 Jahre";31.60;31.29;33.99;35.94;36.20;38.38;41.61;39.35;39.63;39.70;43.45
"Wert pro Kopf und Monat";"Stationäre Kurativbehandlung";"Frau";"16-20 Jahre";59.83;59.94;64.44;62.89;66.14;71.00;76.15;77.16;74.15;80.04;85.80
"Wert pro Kopf und Monat";"Stationäre Kurativbehandlung";"Frau";"21-25 Jahre";87.25;84.28;87.86;85.20;83.75;81.46;83.20;81.85;76.75;81.70;80.16
"Wert pro Kopf und Monat";"Stationäre Kurativbehandlung";"Frau";"26-30 Jahre";128.52;128.49;132.44;132.58;129.74;129.95;132.11;132.16;126.03;127.22;127.95
"Wert pro Kopf und Monat";"Stationäre Kurativbehandlung";"Frau";"31-35 Jahre";154.68;157.78;162.66;160.20;163.38;166.94;169.30;167.64;163.86;159.86;161.90
"Wert pro Kopf und Monat";"Stationäre Kurativbehandlung";"Frau";"36-40 Jahre";121.96;124.97;128.55;130.52;132.12;133.84;137.28;133.59;129.51;128.52;129.73
"Wert pro Kopf und Monat";"Stationäre Kurativbehandlung";"Frau";"41-45 Jahre";95.20;95.98;99.47;102.96;102.88;100.85;105.66;101.13;95.76;98.46;96.78
"Wert pro Kopf und Monat";"Stationäre Kurativbehandlung";"Frau";"46-50 Jahre";104.73;104.48;109.96;110.08;110.86;111.58;110.97;108.52;101.43;104.92;102.02
"Wert pro Kopf und Monat";"Stationäre Kurativbehandlung";"Frau";"51-55 Jahre";127.80;123.54;127.79;132.58;130.73;129.63;132.78;126.04;118.45;121.59;123.75
"Wert pro Kopf und Monat";"Stationäre Kurativbehandlung";"Frau";"56-60 Jahre";152.69;150.38;156.53;158.31;153.97;154.69;157.09;152.41;145.65;145.73;148.04
"Wert pro Kopf und Monat";"Stationäre Kurativbehandlung";"Frau";"61-65 Jahre";189.68;192.35;195.65;200.86;194.27;194.09;201.76;194.62;189.81;187.41;186.77
"Wert pro Kopf und Monat";"Stationäre Kurativbehandlung";"Frau";"66-70 Jahre";247.42;254.05;258.72;259.49;255.66;258.37;259.61;254.07;249.73;245.96;248.70
"Wert pro Kopf und Monat";"Stationäre Kurativbehandlung";"Frau";"71-75 Jahre";322.67;324.58;325.00;331.38;330.18;332.70;336.64;325.11;322.34;321.57;319.02
"Wert pro Kopf und Monat";"Stationäre Kurativbehandlung";"Frau";"76-80 Jahre";409.15;412.89;409.70;419.85;415.19;415.22;421.15;418.08;410.60;395.16;396.24
"Wert pro Kopf und Monat";"Stationäre Kurativbehandlung";"Frau";"81-85 Jahre";482.88;482.25;489.19;492.96;487.06;498.13;495.83;484.62;492.65;479.39;480.32
"Wert pro Kopf und Monat";"Stationäre Kurativbehandlung";"Frau";"86-90 Jahre";515.30;525.12;521.00;530.63;532.61;532.23;531.01;536.07;540.58;526.26;529.17
"Wert pro Kopf und Monat";"Stationäre Kurativbehandlung";"Frau";"91-95 Jahre";513.05;512.59;508.18;534.31;516.11;555.04;518.16;537.49;539.09;531.55;548.41
"Wert pro Kopf und Monat";"Stationäre Kurativbehandlung";"Frau";"96 und mehr Jahre";466.94;494.14;513.33;494.03;502.93;517.63;490.79;536.89;514.93;501.24;524.95
"Wert pro Kopf und Monat";"Ambulante Kurativbehandlung";"Geschlecht - Total";"Altersklasse - Total";167.23;169.66;176.37;182.21;190.11;196.62;203.39;208.12;203.12;210.42;194.66
"Wert pro Kopf und Monat";"Ambulante Kurativbehandlung";"Geschlecht - Total";"0-5 Jahre";72.23;72.31;73.73;74.21;77.29;83.11;86.27;88.44;85.66;90.45;75.16
"Wert pro Kopf und Monat";"Ambulante Kurativbehandlung";"Geschlecht - Total";"6-10 Jahre";54.59;56.41;58.72;60.70;64.47;68.17;71.80;71.86;69.60;72.97;62.29
"Wert pro Kopf und Monat";"Ambulante Kurativbehandlung";"Geschlecht - Total";"11-15 Jahre";91.05;93.63;96.14;99.78;106.78;110.98;114.67;97.11;96.82;99.54;89.59
"Wert pro Kopf und Monat";"Ambulante Kurativbehandlung";"Geschlecht - Total";"16-20 Jahre";143.95;147.08;149.91;153.93;162.26;170.16;174.43;191.72;196.67;204.86;191.82
"Wert pro Kopf und Monat";"Ambulante Kurativbehandlung";"Geschlecht - Total";"21-25 Jahre";116.47;116.40;120.17;122.59;128.72;131.66;137.55;136.77;137.35;142.72;134.67
"Wert pro Kopf und Monat";"Ambulante Kurativbehandlung";"Geschlecht - Total";"26-30 Jahre";126.59;127.28;134.86;138.41;142.96;146.16;149.48;155.69;153.88;159.53;150.52
"Wert pro Kopf und Monat";"Ambulante Kurativbehandlung";"Geschlecht - Total";"31-35 Jahre";146.63;145.05;150.80;153.47;158.74;162.98;168.17;182.06;180.08;184.49;172.58
"Wert pro Kopf und Monat";"Ambulante Kurativbehandlung";"Geschlecht - Total";"36-40 Jahre";165.19;166.66;138.69;143.42;148.60;152.58;157.32;178.44;174.03;178.31;165.71
"Wert pro Kopf und Monat";"Ambulante Kurativbehandlung";"Geschlecht - Total";"41-45 Jahre";156.57;158.57;137.76;143.02;149.67;155.82;161.50;183.20;180.64;184.95;171.15
"Wert pro Kopf und Monat";"Ambulante Kurativbehandlung";"Geschlecht - Total";"46-50 Jahre";156.13;156.28;140.93;145.09;151.24;157.92;164.16;195.98;193.82;200.29;187.30
"Wert pro Kopf und Monat";"Ambulante Kurativbehandlung";"Geschlecht - Total";"51-55 Jahre";191.81;191.55;169.15;174.45;180.58;184.93;191.49;227.28;221.17;228.76;214.47
"Wert pro Kopf und Monat";"Ambulante Kurativbehandlung";"Geschlecht - Total";"56-60 Jahre";207.87;208.82;233.91;239.99;247.26;252.48;259.26;243.64;235.11;240.60;221.11
"Wert pro Kopf und Monat";"Ambulante Kurativbehandlung";"Geschlecht - Total";"61-65 Jahre";233.70;236.17;263.30;270.17;281.49;288.20;297.29;287.11;276.75;282.86;261.17
"Wert pro Kopf und Monat";"Ambulante Kurativbehandlung";"Geschlecht - Total";"66-70 Jahre";255.88;259.92;316.02;324.64;334.72;344.45;357.10;316.79;305.99;317.76;292.26
"Wert pro Kopf und Monat";"Ambulante Kurativbehandlung";"Geschlecht - Total";"71-75 Jahre";296.38;301.94;338.92;348.89;360.16;369.31;377.31;375.70;358.45;368.91;340.36
"Wert pro Kopf und Monat";"Ambulante Kurativbehandlung";"Geschlecht - Total";"76-80 Jahre";323.06;332.19;412.55;428.66;446.04;457.56;474.81;410.11;388.45;401.91;368.87
"Wert pro Kopf und Monat";"Ambulante Kurativbehandlung";"Geschlecht - Total";"81-85 Jahre";289.51;301.21;340.28;356.17;376.50;389.72;398.95;391.89;371.44;387.72;355.37
"Wert pro Kopf und Monat";"Ambulante Kurativbehandlung";"Geschlecht - Total";"86-90 Jahre";237.40;253.31;278.21;297.35;310.38;325.10;333.49;344.06;322.66;343.86;315.42
"Wert pro Kopf und Monat";"Ambulante Kurativbehandlung";"Geschlecht - Total";"91-95 Jahre";207.45;224.30;242.18;260.37;270.81;285.19;284.31;304.36;287.20;306.95;284.37
"Wert pro Kopf und Monat";"Ambulante Kurativbehandlung";"Geschlecht - Total";"96 und mehr Jahre";186.84;206.91;219.02;230.49;245.72;262.57;259.09;278.07;256.67;276.69;257.51
"Wert pro Kopf und Monat";"Ambulante Kurativbehandlung";"Mann";"Altersklasse - Total";147.15;149.58;156.65;161.99;169.43;175.17;181.71;183.28;179.53;186.05;173.34
"Wert pro Kopf und Monat";"Ambulante Kurativbehandlung";"Mann";"0-5 Jahre";77.03;76.80;78.24;79.00;82.54;88.16;91.95;93.79;91.06;96.35;80.02
"Wert pro Kopf und Monat";"Ambulante Kurativbehandlung";"Mann";"6-10 Jahre";60.48;62.71;65.48;67.31;71.52;75.62;79.81;79.61;77.05;80.70;69.07
"Wert pro Kopf und Monat";"Ambulante Kurativbehandlung";"Mann";"11-15 Jahre";93.13;95.68;95.79;99.24;106.24;110.37;113.73;101.97;101.14;104.41;92.95
"Wert pro Kopf und Monat";"Ambulante Kurativbehandlung";"Mann";"16-20 Jahre";123.70;127.27;133.26;136.55;143.60;149.79;152.11;162.02;166.20;172.76;161.58
"Wert pro Kopf und Monat";"Ambulante Kurativbehandlung";"Mann";"21-25 Jahre";93.50;93.83;96.81;99.00;103.69;105.85;111.27;103.53;104.68;108.63;102.12
"Wert pro Kopf und Monat";"Ambulante Kurativbehandlung";"Mann";"26-30 Jahre";89.76;90.84;106.07;108.31;111.92;113.72;115.75;100.00;100.29;104.27;98.15
"Wert pro Kopf und Monat";"Ambulante Kurativbehandlung";"Mann";"31-35 Jahre";108.31;106.46;116.87;118.28;121.27;123.27;126.61;127.38;127.48;130.62;122.30
"Wert pro Kopf und Monat";"Ambulante Kurativbehandlung";"Mann";"36-40 Jahre";133.14;133.61;105.93;109.16;112.27;114.59;118.27;137.07;134.71;137.34;128.00
"Wert pro Kopf und Monat";"Ambulante Kurativbehandlung";"Mann";"41-45 Jahre";128.29;129.76;111.20;115.34;121.35;125.67;130.44;138.95;137.52;139.65;130.45
"Wert pro Kopf und Monat";"Ambulante Kurativbehandlung";"Mann";"46-50 Jahre";124.05;123.98;116.14;119.23;124.49;129.56;135.18;163.59;162.83;168.16;158.37
"Wert pro Kopf und Monat";"Ambulante Kurativbehandlung";"Mann";"51-55 Jahre";166.11;165.54;146.49;151.10;155.69;159.31;165.66;199.30;194.85;201.03;189.36
"Wert pro Kopf und Monat";"Ambulante Kurativbehandlung";"Mann";"56-60 Jahre";194.85;195.49;216.73;222.53;230.28;234.75;242.17;221.66;213.66;218.41;202.59
"Wert pro Kopf und Monat";"Ambulante Kurativbehandlung";"Mann";"61-65 Jahre";224.85;227.44;255.90;263.55;276.58;281.71;292.20;277.48;266.37;271.69;254.24
"Wert pro Kopf und Monat";"Ambulante Kurativbehandlung";"Mann";"66-70 Jahre";248.40;252.02;301.74;311.92;323.16;333.06;347.10;313.07;302.75;314.97;293.19
"Wert pro Kopf und Monat";"Ambulante Kurativbehandlung";"Mann";"71-75 Jahre";298.09;307.01;338.58;347.65;359.74;369.76;377.59;389.09;373.13;383.25;359.97
"Wert pro Kopf und Monat";"Ambulante Kurativbehandlung";"Mann";"76-80 Jahre";332.77;343.71;414.74;428.02;445.09;459.87;478.31;425.15;401.06;415.76;387.87
"Wert pro Kopf und Monat";"Ambulante Kurativbehandlung";"Mann";"81-85 Jahre";317.74;330.11;369.29;388.30;411.25;424.62;429.53;429.94;409.44;425.03;396.95
"Wert pro Kopf und Monat";"Ambulante Kurativbehandlung";"Mann";"86-90 Jahre";263.72;282.82;317.85;345.64;358.42;377.48;388.68;395.09;367.21;390.69;363.16
"Wert pro Kopf und Monat";"Ambulante Kurativbehandlung";"Mann";"91-95 Jahre";242.56;268.85;291.54;307.69;326.61;343.26;344.65;395.16;377.14;399.10;368.03
"Wert pro Kopf und Monat";"Ambulante Kurativbehandlung";"Mann";"96 und mehr Jahre";223.29;248.77;262.24;285.20;305.68;319.05;309.21;328.14;305.85;331.06;325.61
"Wert pro Kopf und Monat";"Ambulante Kurativbehandlung";"Frau";"Altersklasse - Total";186.73;189.18;195.58;201.96;210.34;217.63;224.70;232.55;226.33;234.40;215.66
"Wert pro Kopf und Monat";"Ambulante Kurativbehandlung";"Frau";"0-5 Jahre";67.15;67.56;68.97;69.13;71.74;77.78;80.25;82.77;79.97;84.24;70.04
"Wert pro Kopf und Monat";"Ambulante Kurativbehandlung";"Frau";"6-10 Jahre";48.37;49.76;51.60;53.76;57.05;60.29;63.36;63.67;61.72;64.81;55.13
"Wert pro Kopf und Monat";"Ambulante Kurativbehandlung";"Frau";"11-15 Jahre";88.86;91.46;96.51;100.34;107.35;111.62;115.66;91.97;92.27;94.38;86.03
"Wert pro Kopf und Monat";"Ambulante Kurativbehandlung";"Frau";"16-20 Jahre";165.18;167.85;167.38;172.19;181.89;191.63;198.39;223.68;229.33;239.13;224.02
"Wert pro Kopf und Monat";"Ambulante Kurativbehandlung";"Frau";"21-25 Jahre";140.04;139.60;144.26;146.88;154.53;158.38;165.08;171.66;171.90;178.83;169.22
"Wert pro Kopf und Monat";"Ambulante Kurativbehandlung";"Frau";"26-30 Jahre";164.25;164.46;164.24;169.17;174.60;179.20;184.03;212.87;208.87;216.41;204.59
"Wert pro Kopf und Monat";"Ambulante Kurativbehandlung";"Frau";"31-35 Jahre";185.14;184.01;185.30;189.29;197.00;203.65;210.70;237.87;233.76;239.42;223.90
"Wert pro Kopf und Monat";"Ambulante Kurativbehandlung";"Frau";"36-40 Jahre";197.40;199.94;171.73;178.04;185.42;191.11;197.03;220.60;214.08;220.07;204.22
"Wert pro Kopf und Monat";"Ambulante Kurativbehandlung";"Frau";"41-45 Jahre";185.22;187.63;164.50;171.03;178.40;186.48;193.03;228.01;224.22;230.82;212.28
"Wert pro Kopf und Monat";"Ambulante Kurativbehandlung";"Frau";"46-50 Jahre";188.97;189.47;166.45;171.66;178.67;186.84;193.58;228.70;225.14;232.71;216.55
"Wert pro Kopf und Monat";"Ambulante Kurativbehandlung";"Frau";"51-55 Jahre";218.16;218.21;192.28;198.30;206.02;211.17;218.00;255.97;248.09;257.02;239.94
"Wert pro Kopf und Monat";"Ambulante Kurativbehandlung";"Frau";"56-60 Jahre";220.82;222.13;251.17;257.63;264.52;270.52;276.63;265.89;256.84;263.06;239.89
"Wert pro Kopf und Monat";"Ambulante Kurativbehandlung";"Frau";"61-65 Jahre";242.28;244.62;270.45;276.58;286.24;294.49;302.23;296.52;286.95;293.89;268.04
"Wert pro Kopf und Monat";"Ambulante Kurativbehandlung";"Frau";"66-70 Jahre";262.71;267.24;329.32;336.49;345.51;355.05;366.39;320.25;309.00;320.33;291.39
"Wert pro Kopf und Monat";"Ambulante Kurativbehandlung";"Frau";"71-75 Jahre";294.96;297.70;339.21;349.96;360.52;368.91;377.06;363.75;345.33;356.09;322.86
"Wert pro Kopf und Monat";"Ambulante Kurativbehandlung";"Frau";"76-80 Jahre";315.94;323.60;410.89;429.15;446.78;455.75;472.05;398.11;378.24;390.58;353.16
"Wert pro Kopf und Monat";"Ambulante Kurativbehandlung";"Frau";"81-85 Jahre";272.67;283.68;322.24;335.79;354.06;366.69;378.27;365.74;344.87;361.22;325.63
"Wert pro Kopf und Monat";"Ambulante Kurativbehandlung";"Frau";"86-90 Jahre";224.95;239.24;259.00;273.48;286.18;298.19;304.64;316.62;297.97;317.32;287.93
"Wert pro Kopf und Monat";"Ambulante Kurativbehandlung";"Frau";"91-95 Jahre";194.65;207.65;223.66;242.51;249.56;262.90;260.85;268.70;251.25;269.13;249.48
"Wert pro Kopf und Monat";"Ambulante Kurativbehandlung";"Frau";"96 und mehr Jahre";177.03;195.56;207.47;215.98;229.82;247.43;245.01;263.93;242.86;260.98;238.81
"Wert pro Kopf und Monat";"Langzeitpflege";"Geschlecht - Total";"Altersklasse - Total";133.18;139.62;144.14;146.85;148.86;152.22;153.75;157.19;160.26;162.96;166.02
"Wert pro Kopf und Monat";"Langzeitpflege";"Geschlecht - Total";"0-5 Jahre";4.44;4.53;5.08;4.60;4.17;4.23;4.21;5.01;4.85;5.19;15.46
"Wert pro Kopf und Monat";"Langzeitpflege";"Geschlecht - Total";"6-10 Jahre";14.03;14.45;14.15;14.19;14.02;14.31;13.09;13.92;11.18;14.32;6.80
"Wert pro Kopf und Monat";"Langzeitpflege";"Geschlecht - Total";"11-15 Jahre";32.85;31.63;30.84;31.27;32.27;33.73;32.30;31.00;14.80;31.23;63.38
"Wert pro Kopf und Monat";"Langzeitpflege";"Geschlecht - Total";"16-20 Jahre";61.80;63.50;64.51;65.92;70.26;71.46;70.32;71.21;74.55;75.56;103.03
"Wert pro Kopf und Monat";"Langzeitpflege";"Geschlecht - Total";"21-25 Jahre";44.98;46.85;48.26;49.32;51.91;54.43;54.53;58.58;63.39;62.02;54.31
"Wert pro Kopf und Monat";"Langzeitpflege";"Geschlecht - Total";"26-30 Jahre";37.07;39.21;39.00;40.43;40.17;41.90;42.86;44.63;49.35;46.63;43.09
"Wert pro Kopf und Monat";"Langzeitpflege";"Geschlecht - Total";"31-35 Jahre";38.19;38.32;38.75;38.01;36.31;37.35;38.15;39.00;42.97;40.13;42.23
"Wert pro Kopf und Monat";"Langzeitpflege";"Geschlecht - Total";"36-40 Jahre";43.65;43.50;44.42;43.71;42.28;41.97;40.60;41.41;39.54;41.55;35.33
"Wert pro Kopf und Monat";"Langzeitpflege";"Geschlecht - Total";"41-45 Jahre";42.96;45.11;46.86;48.07;48.18;50.21;49.74;49.94;46.83;51.51;48.78
"Wert pro Kopf und Monat";"Langzeitpflege";"Geschlecht - Total";"46-50 Jahre";44.18;45.59;46.16;48.35;49.70;52.54;53.88;57.35;55.22;60.74;49.53
"Wert pro Kopf und Monat";"Langzeitpflege";"Geschlecht - Total";"51-55 Jahre";50.37;52.92;53.42;55.06;55.31;56.85;56.53;58.94;64.98;60.93;55.00
"Wert pro Kopf und Monat";"Langzeitpflege";"Geschlecht - Total";"56-60 Jahre";60.22;62.78;65.03;65.06;65.52;67.93;69.16;70.61;81.69;70.01;66.01
"Wert pro Kopf und Monat";"Langzeitpflege";"Geschlecht - Total";"61-65 Jahre";69.36;73.16;78.25;81.41;84.26;86.37;87.36;89.39;90.92;89.93;90.08
"Wert pro Kopf und Monat";"Langzeitpflege";"Geschlecht - Total";"66-70 Jahre";97.77;101.23;105.49;108.93;111.59;114.28;116.21;119.05;116.93;120.48;119.81
"Wert pro Kopf und Monat";"Langzeitpflege";"Geschlecht - Total";"71-75 Jahre";184.56;186.11;191.85;191.50;192.25;196.03;200.15;204.55;209.35;209.40;210.85
"Wert pro Kopf und Monat";"Langzeitpflege";"Geschlecht - Total";"76-80 Jahre";410.41;411.62;422.75;423.67;424.44;427.27;428.57;426.31;423.22;422.94;427.53
"Wert pro Kopf und Monat";"Langzeitpflege";"Geschlecht - Total";"81-85 Jahre";962.09;976.99;996.00;982.62;979.81;982.55;983.22;986.29;993.01;983.84;985.50
"Wert pro Kopf und Monat";"Langzeitpflege";"Geschlecht - Total";"86-90 Jahre";2058.13;2135.98;2192.61;2187.64;2173.46;2194.17;2173.01;2162.46;2151.41;2154.36;2180.42
"Wert pro Kopf und Monat";"Langzeitpflege";"Geschlecht - Total";"91-95 Jahre";3866.45;4046.94;4056.13;4209.47;4155.11;4203.14;4123.74;4123.56;4121.05;4123.16;4277.38
"Wert pro Kopf und Monat";"Langzeitpflege";"Geschlecht - Total";"96 und mehr Jahre";6191.21;6916.25;7077.40;7271.47;7458.25;7423.72;7112.74;7118.20;7052.50;7173.63;7395.08
"Wert pro Kopf und Monat";"Langzeitpflege";"Mann";"Altersklasse - Total";93.16;97.32;100.84;103.39;105.48;108.43;109.59;113.27;115.92;119.32;122.71
"Wert pro Kopf und Monat";"Langzeitpflege";"Mann";"0-5 Jahre";4.40;5.11;5.52;4.88;4.50;4.79;4.71;6.00;4.61;6.16;8.26
"Wert pro Kopf und Monat";"Langzeitpflege";"Mann";"6-10 Jahre";17.41;17.93;17.27;17.29;18.10;17.43;16.24;16.82;12.67;17.36;4.45
"Wert pro Kopf und Monat";"Langzeitpflege";"Mann";"11-15 Jahre";39.39;39.07;37.67;38.24;39.79;41.60;40.06;39.05;16.52;39.14;94.30
"Wert pro Kopf und Monat";"Langzeitpflege";"Mann";"16-20 Jahre";70.90;72.24;72.53;75.73;83.10;82.87;80.79;84.14;94.42;89.61;131.37
"Wert pro Kopf und Monat";"Langzeitpflege";"Mann";"21-25 Jahre";52.56;54.67;56.47;56.27;59.30;60.12;60.69;65.20;74.55;68.23;51.87
"Wert pro Kopf und Monat";"Langzeitpflege";"Mann";"26-30 Jahre";43.46;45.92;46.22;47.35;47.45;49.31;49.15;51.61;56.73;54.08;51.99
"Wert pro Kopf und Monat";"Langzeitpflege";"Mann";"31-35 Jahre";45.59;44.88;45.22;44.30;41.40;42.55;44.15;45.23;47.28;46.17;47.09
"Wert pro Kopf und Monat";"Langzeitpflege";"Mann";"36-40 Jahre";51.72;51.20;52.44;52.10;49.49;48.13;46.17;46.94;45.08;47.49;43.36
"Wert pro Kopf und Monat";"Langzeitpflege";"Mann";"41-45 Jahre";49.09;50.31;52.85;54.75;54.72;56.45;56.57;56.75;51.12;58.08;54.02
"Wert pro Kopf und Monat";"Langzeitpflege";"Mann";"46-50 Jahre";49.16;51.42;51.84;54.16;54.79;57.54;57.41;61.40;59.18;65.46;55.26
"Wert pro Kopf und Monat";"Langzeitpflege";"Mann";"51-55 Jahre";53.87;55.94;58.21;59.42;60.47;62.02;61.16;62.71;66.48;64.88;56.49
"Wert pro Kopf und Monat";"Langzeitpflege";"Mann";"56-60 Jahre";64.58;66.56;67.95;68.68;68.37;70.83;73.13;75.36;88.38;75.13;69.88
"Wert pro Kopf und Monat";"Langzeitpflege";"Mann";"61-65 Jahre";70.92;77.09;81.93;84.15;88.31;89.94;90.18;92.63;93.00;93.10;93.97
"Wert pro Kopf und Monat";"Langzeitpflege";"Mann";"66-70 Jahre";94.62;97.99;102.27;106.54;110.22;111.38;113.47;118.44;112.86;121.28;122.39
"Wert pro Kopf und Monat";"Langzeitpflege";"Mann";"71-75 Jahre";168.02;167.90;175.26;176.11;177.08;179.14;182.28;185.15;192.08;195.18;200.88
"Wert pro Kopf und Monat";"Langzeitpflege";"Mann";"76-80 Jahre";328.58;337.17;344.22;344.79;351.26;354.64;351.88;354.40;352.86;361.39;364.02
"Wert pro Kopf und Monat";"Langzeitpflege";"Mann";"81-85 Jahre";683.59;707.06;724.51;729.35;729.44;737.53;738.41;746.56;756.68;749.38;755.30
"Wert pro Kopf und Monat";"Langzeitpflege";"Mann";"86-90 Jahre";1433.79;1476.70;1520.26;1528.25;1522.92;1567.84;1565.17;1545.82;1549.81;1566.14;1600.40
"Wert pro Kopf und Monat";"Langzeitpflege";"Mann";"91-95 Jahre";2791.09;2885.29;2925.92;3031.01;2965.00;3015.86;2956.66;3021.95;3013.79;3011.19;3144.36
"Wert pro Kopf und Monat";"Langzeitpflege";"Mann";"96 und mehr Jahre";4526.03;4986.96;5164.64;5412.07;5579.90;5593.52;5222.69;5207.72;5231.72;5414.06;5889.02
"Wert pro Kopf und Monat";"Langzeitpflege";"Frau";"Altersklasse - Total";172.04;180.77;186.34;189.30;191.31;195.14;197.15;200.38;203.88;205.92;208.69
"Wert pro Kopf und Monat";"Langzeitpflege";"Frau";"0-5 Jahre";4.48;3.91;4.61;4.30;3.83;3.63;3.67;3.97;5.11;4.15;23.06
"Wert pro Kopf und Monat";"Langzeitpflege";"Frau";"6-10 Jahre";10.47;10.78;10.86;10.93;9.73;11.02;9.76;10.87;9.61;11.11;9.29
"Wert pro Kopf und Monat";"Langzeitpflege";"Frau";"11-15 Jahre";25.98;23.79;23.63;23.90;24.33;25.44;24.13;22.52;13.00;22.87;30.62
"Wert pro Kopf und Monat";"Langzeitpflege";"Frau";"16-20 Jahre";52.25;54.33;56.10;55.62;56.75;59.44;59.10;57.29;53.25;60.57;72.84
"Wert pro Kopf und Monat";"Langzeitpflege";"Frau";"21-25 Jahre";37.21;38.80;39.80;42.17;44.29;48.53;48.09;51.64;51.59;55.44;56.89
"Wert pro Kopf und Monat";"Langzeitpflege";"Frau";"26-30 Jahre";30.53;32.38;31.62;33.36;32.75;34.35;36.41;37.47;41.77;38.96;33.90
"Wert pro Kopf und Monat";"Langzeitpflege";"Frau";"31-35 Jahre";30.75;31.71;32.18;31.60;31.11;32.03;32.02;32.66;38.57;33.96;37.26
"Wert pro Kopf und Monat";"Langzeitpflege";"Frau";"36-40 Jahre";35.54;35.74;36.32;35.23;34.96;35.73;34.93;35.76;33.88;35.49;27.13
"Wert pro Kopf und Monat";"Langzeitpflege";"Frau";"41-45 Jahre";36.76;39.86;40.84;41.32;41.54;43.87;42.80;43.05;42.49;44.87;43.47
"Wert pro Kopf und Monat";"Langzeitpflege";"Frau";"46-50 Jahre";39.08;39.59;40.31;42.39;44.49;47.45;50.30;53.26;51.21;55.99;43.74
"Wert pro Kopf und Monat";"Langzeitpflege";"Frau";"51-55 Jahre";46.79;49.83;48.54;50.60;50.03;51.55;51.78;55.07;63.44;56.92;53.48
"Wert pro Kopf und Monat";"Langzeitpflege";"Frau";"56-60 Jahre";55.88;59.01;62.11;61.41;62.62;64.99;65.12;65.79;74.92;64.82;62.08
"Wert pro Kopf und Monat";"Langzeitpflege";"Frau";"61-65 Jahre";67.85;69.35;74.69;78.76;80.34;82.91;84.63;86.22;88.87;86.81;86.24
"Wert pro Kopf und Monat";"Langzeitpflege";"Frau";"66-70 Jahre";100.65;104.23;108.49;111.17;112.86;116.97;118.75;119.63;120.69;119.75;117.42
"Wert pro Kopf und Monat";"Langzeitpflege";"Frau";"71-75 Jahre";198.35;201.37;205.90;204.71;205.40;210.82;216.04;221.87;224.80;222.12;219.76
"Wert pro Kopf und Monat";"Langzeitpflege";"Frau";"76-80 Jahre";470.36;467.11;481.92;483.96;481.18;484.08;488.99;483.69;480.17;473.35;480.04
"Wert pro Kopf und Monat";"Langzeitpflege";"Frau";"81-85 Jahre";1128.19;1140.73;1164.80;1143.29;1141.43;1144.29;1148.77;1151.07;1158.26;1150.45;1150.14
"Wert pro Kopf und Monat";"Langzeitpflege";"Frau";"86-90 Jahre";2353.35;2450.26;2518.40;2513.51;2501.20;2515.91;2490.79;2494.10;2484.92;2487.65;2514.40
"Wert pro Kopf und Monat";"Langzeitpflege";"Frau";"91-95 Jahre";4258.76;4481.21;4480.18;4654.00;4608.27;4658.81;4577.47;4556.29;4563.68;4579.54;4749.87
"Wert pro Kopf und Monat";"Langzeitpflege";"Frau";"96 und mehr Jahre";6639.51;7439.22;7588.31;7764.51;7956.38;7914.55;7643.81;7658.10;7564.02;7682.16;7808.72
